<?xml version="1.0" encoding="UTF-8"?>
<beans  xmlns="http://www.springframework.org/schema/beans" 
        xmlns:xsi="http://www.w3.org/2001/XMLSchema-instance"
        xmlns:p="http://www.springframework.org/schema/p" 
        xmlns:tx="http://www.springframework.org/schema/tx"
        xmlns:context="http://www.springframework.org/schema/context"
        xsi:schemaLocation="
   http://www.springframework.org/schema/beans 
   http://www.springframework.org/schema/beans/spring-beans-3.0.xsd
   http://www.springframework.org/schema/tx 
   http://www.springframework.org/schema/tx/spring-tx-3.0.xsd
   http://www.springframework.org/schema/context
   http://www.springframework.org/schema/context/spring-context-3.0.xsd
      ">
	
	<!-- Scans the classpath for annotated components that will be auto-registered as Spring beans -->
	<context:component-scan base-package="com.nkxgen.spring.controller" />
	<context:component-scan base-package="com.nkxgen.spring.orm" />
	<!-- Activates various annotations to be detected in bean classes e.g: @Autowired -->
	<context:annotation-config />

	<bean id="dataSource" class="org.springframework.jdbc.datasource.DriverManagerDataSource">
        <property name="driverClassName" value="org.postgresql.Driver" />
        <property name="url" value="jdbc:postgresql://localhost:5432/postgres" />
        <property name="username" value="postgres" />
        <property name="password" value="root" />
    </bean>
	
	
	
	<bean id="entityManagerFactory" 
			class="org.springframework.orm.jpa.LocalContainerEntityManagerFactoryBean"
			p:packagesToScan="com.nkxgen.spring.orm.model"
            p:dataSource-ref="dataSource" >
		<property name="jpaVendorAdapter">
			<bean class="org.springframework.orm.jpa.vendor.HibernateJpaVendorAdapter">
				<property name="generateDdl" value="true" />
				<property name="showSql" value="true" />
			</bean>
		</property>
	</bean>

	<!-- Transactions -->
	<bean id="transactionManager" class="org.springframework.orm.jpa.JpaTransactionManager">
		<property name="entityManagerFactory" ref="entityManagerFactory" />
	</bean>
	<!-- enable the configuration of transactional behavior based on annotations -->
	<tx:annotation-driven transaction-manager="transactionManager" />
	
	    <bean class="org.springframework.web.servlet.view.InternalResourceViewResolver">
        <property name="viewClass" value="org.springframework.web.servlet.view.JstlView"/>
        <property name="prefix" value="/WEB-INF/views/" />
        <property name="suffix" value=".jsp" />
    </bean>

	<!-- byName example -->
    <bean id="empdao" class="com.nkxgen.spring.orm.dao.EmpDAO" autowire="byName"/>
    <bean id="empserv" class="com.nkxgen.spring.orm.service.EmpService" autowire="byName"/>
    <bean id="sprintService" class="com.nkxgen.spring.orm.service.SprintService" autowire="byName"/>
    <bean id="sprintDAO" class="com.nkxgen.spring.orm.dao.SprintDAOImpl" autowire="byName"/>
    <bean id="resourceService" class="com.nkxgen.spring.orm.service.ResourceService" autowire="byName"/>
    <bean id="resourceDAO" class="com.nkxgen.spring.orm.dao.ResourceDAO" autowire="byName"/>
    <bean id="projectService" class="com.nkxgen.spring.orm.service.ProjectService" autowire="byName"/>
    <bean id="roleService" class="com.nkxgen.spring.orm.service.RoleService" autowire="byName"/>
    <bean id="roleDAO" class="com.nkxgen.spring.orm.dao.RoleDAO" autowire="byName"/>
    <bean id="projectDAO" class="com.nkxgen.spring.orm.dao.ProjectDAO" autowire="byName"/>
     <bean id="role" class="com.nkxgen.spring.orm.model.Role" autowire="byName"/>
    <bean id="user" class="com.nkxgen.spring.orm.model.User" autowire="byName"/>
    <bean id="task" class="com.nkxgen.spring.orm.model.Task" autowire="byName"/>
    <bean id="taskService" class="com.nkxgen.spring.orm.service.TaskServiceImpl" autowire="byName"/>
     <bean id="taskDao" class="com.nkxgen.spring.orm.dao.TaskDao" autowire="byName"/>
     <bean id="projectTaskService" class="com.nkxgen.spring.orm.service.ProjectTaskService" autowire="byName"/>
     <bean id="projectTaskdao" class="com.nkxgen.spring.orm.dao.ProjectTaskdao" autowire="byName"/> 
     

<bean id="moduleDAO" class="com.nkxgen.spring.orm.dao.ModuleDAO" autowire="byName"/> 
    <bean id="ModuleService" class="com.nkxgen.spring.orm.service.ModuleService" autowire="byName"/> 
     <bean id="funitDAO" class="com.nkxgen.spring.orm.dao.FunctionalunitDAO" autowire="byName"/> 
     <bean id="Funitservice" class="com.nkxgen.spring.orm.service.FunctionalUnitService" autowire="byName"/> 
     
    </beans>
